name,numberrange,address,phone,email,text,numberrange1
Britanney Pollard,12004003,850-8797 Aliquam Ave,713-8430,nibh.quisque@aol.edu,OSDOP OSPLA IOSPER,9817
Walter Rowland,5681189,236-492 Risus. Ave,584-3187,quis.diam@outlook.edu,OSDOP OSPLA IOSPER,5144
Dorothy Stanley,10696033,246-7717 Pede. Avenue,721-9432,aliquam.ornare@hotmail.ca,OSDOP OSPLA IOSPER,6801
Emery Cardenas,6836472,Ap #834-9098 Adipiscing Road,484-7542,dictum.magna@protonmail.couk,OSDOP OSPLA IOSPER,8062
Kenyon Dorsey,3979962,"P.O. Box 707, 5573 Auctor Avenue",347-2603,dolor.donec@icloud.ca,OSDOP OSPLA IOSPER,9537
Mari Macias,3592959,183-5081 Libero. Street,735-6884,et.rutrum.non@icloud.org,OSDOP OSPLA IOSPER,4006
Ray Hoffman,10765691,"P.O. Box 982, 5921 Cursus Avenue",818-1713,libero.nec@protonmail.org,OSDOP OSPLA IOSPER,9189
Caldwell Kelley,7780825,9939 Parturient St.,508-5842,etiam.imperdiet@icloud.couk,OSDOP OSPLA IOSPER,7104
Grady Roach,14842398,384-5868 Ipsum Rd.,766-4253,ullamcorper.velit@aol.net,OSDOP OSPLA IOSPER,5557
Shaeleigh Crawford,3204940,Ap #988-5376 Ipsum Street,310-6069,cras.vehicula.aliquet@google.com,OSDOP OSPLA IOSPER,5439
Walker Decker,11243062,"649-9162 Lobortis, Ave",965-2322,sodales@icloud.org,OSDOP OSPLA IOSPER,8532
Kasper Carter,11466581,400 Lacus. Avenue,868-2370,ut.dolor.dapibus@yahoo.couk,OSDOP OSPLA IOSPER,3417
Lance Petersen,10364937,Ap #399-8579 Molestie Rd.,257-4748,egestas.rhoncus.proin@aol.edu,OSDOP OSPLA IOSPER,3020
Willa Cash,13579762,2753 Cras Rd.,389-1411,praesent.eu@google.couk,OSDOP OSPLA IOSPER,6245
Jerome Valdez,5528616,"Ap #131-2981 Amet, Road",521-6081,fringilla.purus@aol.ca,OSDOP OSPLA IOSPER,5607
Seth Bentley,4962257,1157 Turpis Avenue,397-8333,commodo.tincidunt@outlook.net,OSDOP OSPLA IOSPER,2817
Vaughan Hartman,1952457,6236 Tincidunt St.,480-6208,sed@google.org,OSDOP OSPLA IOSPER,7623
Blossom Lynn,10429087,2693 Ipsum. Rd.,245-6384,ut.nec@aol.couk,OSDOP OSPLA IOSPER,2597
Quinlan Steele,7954630,905-9917 Curae St.,613-4418,dapibus.rutrum@outlook.org,OSDOP OSPLA IOSPER,1089
Jorden Chavez,3145192,832-5448 Lobortis. Rd.,562-8476,imperdiet.ullamcorper@icloud.couk,OSDOP OSPLA IOSPER,5191
Hanna Frazier,8077666,"P.O. Box 407, 4340 Nec, St.",345-6872,egestas.fusce@protonmail.couk,OSDOP OSPLA IOSPER,4591
Gregory Francis,581011,"248-8095 Ut, Street",744-3487,vel.arcu@google.net,OSDOP OSPLA IOSPER,3420
Jesse Mcgee,10760672,4334 Libero. Rd.,572-1211,in.aliquet.lobortis@google.net,OSDOP OSPLA IOSPER,8350
Hillary Ashley,4079647,1537 Fames Avenue,784-7688,non.luctus@yahoo.org,OSDOP OSPLA IOSPER,5789
Alika Fuller,11867581,686-8493 Enim. St.,404-1857,ultrices.a.auctor@outlook.org,OSDOP OSPLA IOSPER,7951
Wayne Rocha,12506059,430-2742 Sed Street,395-5870,lorem.fringilla@outlook.org,OSDOP OSPLA IOSPER,7814
Nehru Cobb,7407715,"P.O. Box 117, 8857 Suscipit Rd.",658-7021,eu@aol.com,OSDOP OSPLA IOSPER,4992
Allegra Cooley,8076762,330-8249 Odio Rd.,117-8532,vel.faucibus@outlook.net,OSDOP OSPLA IOSPER,8252
Zenia Patterson,14838623,Ap #979-3947 Nullam Road,782-5924,eu@protonmail.com,OSDOP OSPLA IOSPER,564
Constance Greene,7771778,"P.O. Box 708, 4725 Mauris Road",247-6348,diam.at.pretium@yahoo.ca,OSDOP OSPLA IOSPER,2294
Urielle Atkins,4166361,933-9588 Dolor Rd.,133-8527,ullamcorper.velit@protonmail.com,OSDOP OSPLA IOSPER,6600
Flynn Barry,10560049,387-7401 Urna Rd.,674-8378,sed.facilisis@icloud.couk,OSDOP OSPLA IOSPER,7673
Steven Freeman,5471384,6064 Risus St.,564-0647,tempus.eu@protonmail.couk,OSDOP OSPLA IOSPER,3722
Ignacia Kane,2670536,Ap #337-2800 Pellentesque St.,432-0493,rhoncus.donec.est@yahoo.net,OSDOP OSPLA IOSPER,4317
Wilma Willis,5254321,256-2580 Aenean Rd.,234-8545,mauris.ipsum@aol.edu,OSDOP OSPLA IOSPER,2515
Herman Grant,6460428,7363 Arcu. Road,657-4612,convallis@aol.ca,OSDOP OSPLA IOSPER,9385
Jorden Cooper,14570314,529-4636 Magna. Av.,782-7665,vestibulum.ante@yahoo.org,OSDOP OSPLA IOSPER,8760
Audra Hicks,8069033,3727 Non Rd.,325-8783,arcu.eu@protonmail.net,OSDOP OSPLA IOSPER,1075
Jonah Vance,14657425,252-5625 Natoque St.,682-2971,et.netus.et@hotmail.edu,OSDOP OSPLA IOSPER,8596
Quail Sparks,13485876,5043 Ipsum Av.,659-6487,eget.massa@yahoo.net,OSDOP OSPLA IOSPER,1336
Rylee Mcdowell,5415785,Ap #148-1585 Venenatis Street,238-8297,augue@outlook.org,OSDOP OSPLA IOSPER,9112
Graham Wilson,10285964,988-3822 Donec St.,705-0142,aenean@outlook.com,OSDOP OSPLA IOSPER,1447
Silas Rodgers,2764087,144-8594 Sed Rd.,717-3712,eget.massa@icloud.couk,OSDOP OSPLA IOSPER,2893
Kylie Bentley,431352,5291 Tempor St.,381-8282,mollis.vitae@hotmail.org,OSDOP OSPLA IOSPER,898
Whoopi Ashley,9386621,"P.O. Box 924, 3945 Dui Av.",737-2721,luctus.et@aol.com,OSDOP OSPLA IOSPER,4278
Jocelyn Owens,1937683,917-304 Neque Rd.,757-4493,tortor@protonmail.couk,OSDOP OSPLA IOSPER,84
Ethan Short,9192211,Ap #908-1617 Eleifend. Ave,968-1889,eleifend.vitae.erat@protonmail.com,OSDOP OSPLA IOSPER,4440
Lydia Farrell,3976437,"P.O. Box 942, 8968 Mi Rd.",858-9845,ligula.nullam.enim@protonmail.net,OSDOP OSPLA IOSPER,9692
Sylvester Stewart,11146787,Ap #280-3388 Nec Rd.,851-8296,vivamus@aol.net,OSDOP OSPLA IOSPER,181
Alvin Marks,4819547,6391 Rutrum Street,258-0513,enim.sed@hotmail.edu,OSDOP OSPLA IOSPER,8262
Hollee Atkinson,12718755,111-9262 Dolor St.,886-1885,mattis.semper.dui@google.net,OSDOP OSPLA IOSPER,2176
Dexter Reilly,13481208,8950 Neque. St.,126-3565,augue.eu@yahoo.org,OSDOP OSPLA IOSPER,9071
Rhiannon Aguirre,4695174,"810-5753 Nec, Avenue",483-6642,orci@google.edu,OSDOP OSPLA IOSPER,1698
Ignatius Leonard,2041966,Ap #750-1640 Dui. St.,274-7986,nunc.pulvinar@icloud.ca,OSDOP OSPLA IOSPER,5513
Clare Camacho,8322364,870-5241 Mi Ave,575-7565,lorem@outlook.net,OSDOP OSPLA IOSPER,5867
Germaine Carr,6758449,924-2117 Diam. Av.,853-8661,erat.semper.rutrum@hotmail.ca,OSDOP OSPLA IOSPER,7699
Germane Bryant,9300201,6963 Ornare. St.,663-7143,in.dolor@aol.org,OSDOP OSPLA IOSPER,7669
Micah Lucas,1928253,717-7259 Pellentesque Road,386-7656,tempus.eu@hotmail.couk,OSDOP OSPLA IOSPER,2311
Preston Frye,823526,"P.O. Box 918, 2189 Pede, Avenue",282-1025,imperdiet.non.vestibulum@hotmail.net,OSDOP OSPLA IOSPER,1887
Joy Mcknight,2712781,879-8203 Per Avenue,713-4114,nec.cursus@icloud.edu,OSDOP OSPLA IOSPER,6862
Silas Fry,13853423,809-8099 Ac Avenue,775-4510,arcu.vel.quam@protonmail.com,OSDOP OSPLA IOSPER,7893
Blossom Stephens,7308407,Ap #505-4827 Ultrices St.,621-5746,molestie.tellus@aol.org,OSDOP OSPLA IOSPER,4945
Holly Carrillo,7583702,Ap #119-6159 In Street,420-5451,dictum.eleifend@icloud.edu,OSDOP OSPLA IOSPER,7805
Owen Valdez,10798763,249-3838 Ridiculus Avenue,508-9623,tempor.est.ac@icloud.net,OSDOP OSPLA IOSPER,5265
Dorothy Shaw,3775491,Ap #571-6187 Tellus. Rd.,468-8008,aliquam.eros@yahoo.com,OSDOP OSPLA IOSPER,8533
TaShya Wilkinson,3243357,333-347 Duis Road,985-6435,sed.eu.nibh@hotmail.net,OSDOP OSPLA IOSPER,9288
Lisandra Hill,8091086,560-625 Odio. Street,283-2528,malesuada.augue@aol.edu,OSDOP OSPLA IOSPER,4747
Trevor James,6598806,Ap #367-7829 Odio St.,344-3119,a.purus@hotmail.couk,OSDOP OSPLA IOSPER,7829
Lila Oneal,654128,969-9875 Sem Av.,512-7038,tortor.at@protonmail.net,OSDOP OSPLA IOSPER,8238
Jonas Mcclain,5799765,Ap #781-7001 Diam. Street,167-8328,morbi@google.ca,OSDOP OSPLA IOSPER,4325
Oleg Moss,2875468,Ap #281-8046 Integer Ave,256-1628,cursus.non.egestas@google.edu,OSDOP OSPLA IOSPER,5766
Gareth Ferrell,7368602,"400-2820 Auctor, St.",638-1768,semper.egestas@aol.couk,OSDOP OSPLA IOSPER,4773
Cleo Harding,4027822,"Ap #782-5454 Nec, Street",734-8181,eget.tincidunt@yahoo.org,OSDOP OSPLA IOSPER,3183
Madonna Schroeder,6731555,"578-6740 Quis, Road",785-1120,semper.auctor.mauris@icloud.org,OSDOP OSPLA IOSPER,2912
Gavin Hartman,1278745,"P.O. Box 654, 6345 Nunc. St.",844-3871,mauris@icloud.net,OSDOP OSPLA IOSPER,8073
Ashton Hoover,8618814,338-6066 Aliquam Rd.,776-7412,cum.sociis.natoque@outlook.com,OSDOP OSPLA IOSPER,6334
Mia Ortega,12155914,"P.O. Box 702, 5933 Imperdiet Ave",760-1853,sed.pede@aol.couk,OSDOP OSPLA IOSPER,3031
Demetria Blair,1669111,999-7893 Dolor Avenue,702-3371,vehicula.risus@icloud.org,OSDOP OSPLA IOSPER,4650
Jayme Valenzuela,7671842,7477 Cursus. Ave,406-7238,aenean.massa@icloud.org,OSDOP OSPLA IOSPER,3543
Quemby Dotson,11777002,"7645 Vel, St.",286-3144,ut.nisi@protonmail.edu,OSDOP OSPLA IOSPER,6595
Sebastian Turner,5893568,Ap #731-5004 Donec Rd.,141-5362,donec.fringilla@aol.ca,OSDOP OSPLA IOSPER,2388
Jerome Travis,5608699,"790-5505 At, Av.",598-7255,consectetuer.euismod.est@google.edu,OSDOP OSPLA IOSPER,7085
Gage Cohen,602240,"P.O. Box 304, 3789 Mollis St.",738-8277,phasellus.at.augue@yahoo.com,OSDOP OSPLA IOSPER,2468
Oren Arnold,1653176,"896-3068 Lorem, Avenue",246-4701,facilisis.lorem.tristique@aol.ca,OSDOP OSPLA IOSPER,4909
Baxter Ingram,4136124,996-4049 Ipsum St.,874-8522,curabitur@google.couk,OSDOP OSPLA IOSPER,1760
Brenna Lopez,14972567,"P.O. Box 383, 3634 Iaculis Rd.",451-1737,eleifend.nec.malesuada@yahoo.org,OSDOP OSPLA IOSPER,2655
Leigh Zimmerman,360329,896-6541 Justo Av.,606-7461,molestie@aol.edu,OSDOP OSPLA IOSPER,8921
Jin Diaz,13574002,"P.O. Box 586, 126 Donec Rd.",587-3573,imperdiet@protonmail.ca,OSDOP OSPLA IOSPER,1198
Vivian Bruce,10884240,Ap #105-1021 Donec Av.,467-6878,amet.risus.donec@outlook.com,OSDOP OSPLA IOSPER,5991
Garth Sykes,12508124,267 Massa St.,767-4652,est.ac@google.net,OSDOP OSPLA IOSPER,6846
Ross Shaw,11016005,847-7958 Ipsum Ave,372-5305,euismod.urna.nullam@icloud.org,OSDOP OSPLA IOSPER,9523
Maxine Faulkner,8721501,771-3402 Cras St.,753-5403,eu.eros@yahoo.couk,OSDOP OSPLA IOSPER,1330
Nigel Fischer,5028117,Ap #198-6164 Tortor. Road,335-2831,tortor@yahoo.edu,OSDOP OSPLA IOSPER,1071
Alden Wall,4813518,"P.O. Box 303, 2927 Velit Street",773-7043,mi.eleifend@hotmail.net,OSDOP OSPLA IOSPER,2722
Ima Serrano,13957969,206-4938 Arcu. Avenue,864-9453,a.ultricies@hotmail.ca,OSDOP OSPLA IOSPER,4132
Kasper Figueroa,3760042,"P.O. Box 588, 387 Cras St.",449-2187,nec@aol.couk,OSDOP OSPLA IOSPER,9020
Natalie Drake,640026,Ap #364-1857 Ut Ave,347-5322,eget.lacus.mauris@yahoo.net,OSDOP OSPLA IOSPER,7713
Lani Hernandez,11426005,306-6853 Elit. Rd.,708-7744,hendrerit@hotmail.org,OSDOP OSPLA IOSPER,5233
Erasmus Henry,11982450,172-1966 Tortor St.,711-6215,ut.erat@hotmail.edu,OSDOP OSPLA IOSPER,3875
Aspen Castillo,10945308,9116 Mauris. Avenue,127-7265,pede.cum.sociis@google.com,OSDOP OSPLA IOSPER,8849
